{"(22, 8, 0)": [0.0, 0.0], "(15, 8, 0)": [-0.5155801581779669, -0.4443099415220973], "(5, 9, 0)": [-0.12560278717376733, -0.11477257731111348], "(17, 8, 0)": [-0.40289087638224075, -0.5249636865219519], "(7, 8, 0)": [-0.13906741023275856, -0.13347685545408536], "(27, 8, 0)": [0.0, 0.0], "(12, 10, 0)": [-0.5561977572787873, -0.39673206113398984], "(15, 10, 0)": [-0.6175839664547448, -0.5252642605640515], "(17, 10, 1)": [-0.2385193494745389, -0.21408308583893731], "(24, 8, 0)": [0.0, 0.0], "(14, 8, 0)": [-0.5435307014042429, -0.4124601036387757], "(12, 8, 0)": [-0.4560606491185383, -0.20463112217863746], "(9, 8, 0)": [-0.1971024369625775, 0.08793655198797337], "(21, 7, 0)": [0.8980609562053455, -0.41296321806251535], "(14, 7, 0)": [-0.46363829590101013, -0.30630440026700323], "(8, 7, 0)": [-0.26493520002101706, 0.061541842968814715], "(13, 8, 0)": [-0.4637007221719295, -0.3252092997690173], "(13, 10, 0)": [-0.6360791018771105, -0.4205607288504602], "(16, 10, 0)": [-0.6435056699485362, -0.6312524758879345], "(27, 2, 0)": [0.0, 0.0], "(19, 2, 0)": [0.3639096381811071, -0.48572127607701626], "(9, 10, 0)": [-0.5254622716132408, -0.21181577222189163], "(12, 5, 0)": [-0.32293351778697543, -0.1908231495842536], "(28, 1, 0)": [0.0, 0.0], "(20, 1, 0)": [0.20439732279039707, -0.7839144999608765], "(19, 10, 0)": [-0.031042422687227213, -0.7859257335665839], "(19, 9, 0)": [0.3391019063308411, -0.5599394911512019], "(17, 9, 0)": [-0.4069533614052653, -0.5198138829111765], "(23, 9, 0)": [0.0, 0.0], "(7, 9, 0)": [-0.2101492055715058, -0.19482234853777275], "(4, 2, 0)": [-0.027687946766184857, -0.023340867622787788], "(18, 4, 0)": [0.22386415954214947, -0.40308151636852535], "(12, 4, 0)": [-0.2842442979985266, -0.2325548742835158], "(25, 10, 0)": [0.0, 0.0], "(17, 10, 0)": [-0.3743150459232203, -0.5672911511230916], "(21, 8, 0)": [0.9006952058272749, -0.46909445704488656], "(16, 8, 0)": [-0.38934377303631307, -0.5310012990424304], "(20, 7, 0)": [0.8072016091992513, -0.743203534626823], "(21, 9, 1)": [0.9118512747408303, 0.014785731022080405], "(21, 10, 0)": [0.8850809666567696, -0.91561643467353], "(11, 10, 0)": [-0.5390257675235713, 0.1012583601257656], "(27, 10, 0)": [0.0, 0.0], "(14, 10, 0)": [-0.6066501877057293, -0.5135229481294099], "(10, 10, 0)": [-0.4842300417137081, 0.024796755893142973], "(19, 5, 1)": [0.2708816528111831, 0.019465327493255025], "(17, 3, 0)": [-0.06891633008554328, -0.3969062880752128], "(14, 3, 0)": [-0.3271661541567469, -0.3466117716763091], "(27, 7, 0)": [0.0, 0.0], "(19, 7, 0)": [0.6700214860833478, -0.4353488331779524], "(19, 4, 0)": [0.4864115422578053, -0.4913069177660393], "(19, 4, 1)": [0.44709318360042116, 0.01511302113394019], "(29, 4, 0)": [0.0, 0.0], "(20, 3, 0)": [0.7146718843801325, -0.6986655665583139], "(23, 10, 0)": [0.0, 0.0], "(28, 3, 0)": [0.0, 0.0], "(19, 3, 0)": [0.5377714004793495, -0.5447082322398477], "(26, 9, 0)": [0.0, 0.0], "(29, 10, 0)": [0.0, 0.0], "(20, 10, 0)": [0.4198767247070809, -0.8152666336779091], "(16, 9, 0)": [-0.5712589142686127, -0.4710674568421011], "(25, 3, 0)": [0.0, 0.0], "(15, 3, 0)": [-0.3230386518883692, -0.35784160465340603], "(24, 5, 0)": [0.0, 0.0], "(20, 5, 0)": [0.7370968405713009, -0.5953955144720289], "(18, 6, 1)": [0.03617871748929268, 0.09584151138057373], "(20, 2, 0)": [0.6944295044897866, -0.7435956815338904], "(18, 6, 0)": [0.21951290564740047, -0.3867382894945579], "(16, 5, 0)": [-0.23101851937301568, -0.33829511239015125], "(25, 8, 0)": [0.0, 0.0], "(18, 10, 0)": [-0.25465115575587455, -0.6814546477432962], "(14, 1, 0)": [-0.6886175106730119, -0.6483758394358222], "(13, 4, 0)": [-0.21553070606108013, -0.3076853942112328], "(12, 8, 1)": [-0.039500049601, -0.015531366885785394], "(22, 10, 0)": [0.0, 0.0], "(20, 8, 0)": [0.7683178167479313, -0.7402381195048728], "(21, 10, 1)": [0.9042640247474881, 0.005157145518995143], "(15, 9, 0)": [-0.4488612576785693, -0.5568613048884031], "(21, 9, 0)": [0.9347317289373642, -0.40104399353383874], "(26, 1, 0)": [0.0, 0.0], "(16, 1, 0)": [-0.6972846356681839, -0.6990251371167499], "(20, 3, 1)": [0.4220752520873504, 0.02742433840090519], "(19, 1, 0)": [-0.08912091454954073, -0.5449925165369555], "(12, 1, 0)": [-0.6218497834265053, -0.5739721899402355], "(24, 1, 0)": [0.0, 0.0], "(28, 10, 0)": [0.0, 0.0], "(17, 2, 0)": [-0.20125700284749876, -0.40175507574024977], "(27, 3, 0)": [0.0, 0.0], "(15, 6, 0)": [-0.07132030371825895, -0.31410019339926265], "(12, 6, 0)": [-0.21455735355406166, -0.2604840852036941], "(23, 6, 0)": [0.0, 0.0], "(23, 8, 0)": [0.0, 0.0], "(10, 6, 0)": [-0.06522337188526882, 0.22681941763837643], "(15, 5, 0)": [-0.16351686787942118, -0.346252495201258], "(11, 2, 0)": [-0.15536337495032504, 0.19606097068662892], "(16, 4, 0)": [-0.27151358842021683, -0.3734388890509137], "(11, 9, 0)": [-0.30833701176583056, 0.1714854023301702], "(28, 9, 0)": [0.0, 0.0], "(23, 3, 0)": [0.0, 0.0], "(13, 2, 0)": [-0.23056566986349794, -0.3723401360050391], "(11, 8, 0)": [-0.22087398243241096, 0.14576789766660764], "(29, 6, 0)": [0.0, 0.0], "(19, 6, 0)": [0.42976311985336424, -0.46137847641762064], "(17, 1, 0)": [-0.6188756159173098, -0.7204276032129706], "(16, 2, 0)": [-0.36222515109868353, -0.4128434677260369], "(8, 6, 0)": [-0.11799682928771205, 0.07557755885854443], "(19, 7, 1)": [0.49614881342798045, 0.03738880749512608], "(23, 7, 0)": [0.0, 0.0], "(13, 7, 0)": [-0.3040026394973566, -0.22309220697463178], "(8, 8, 0)": [-0.09454260192197025, -0.07946874427757201], "(22, 6, 0)": [0.0, 0.0], "(16, 6, 0)": [-0.21131689017961774, -0.3846694363668857], "(14, 4, 0)": [-0.2972618869682018, -0.36793878597856916], "(20, 4, 0)": [0.6279785848798557, -0.7529338659589576], "(14, 4, 1)": [-0.017329328726339244, -0.011504700653245364], "(24, 4, 0)": [0.0, 0.0], "(12, 2, 0)": [-0.30043870570884523, -0.30059171042652444], "(18, 7, 1)": [0.2885605296851619, 0.006283644144112528], "(11, 1, 0)": [-0.3678917314328833, -0.08873892855535133], "(7, 10, 0)": [-0.4631103871177263, -0.3158891122466573], "(12, 7, 0)": [-0.3490693284818497, -0.16556727561583515], "(11, 7, 0)": [-0.17996948375905547, 0.2743618967508421], "(22, 7, 0)": [0.0, 0.0], "(26, 8, 0)": [0.0, 0.0], "(19, 8, 0)": [0.5710677893735056, -0.5595143647061315], "(24, 6, 0)": [0.0, 0.0], "(30, 3, 0)": [0.0, 0.0], "(6, 4, 0)": [-0.0836691061490666, -0.05836077426572624], "(24, 10, 0)": [0.0, 0.0], "(12, 6, 1)": [-0.03940399, 0.0004344786532535108], "(12, 9, 0)": [-0.3997368138692639, -0.30073560622849155], "(22, 9, 0)": [0.0, 0.0], "(21, 6, 1)": [0.8982028797092294, 0.0729233201490519], "(31, 10, 0)": [0.0, 0.0], "(21, 2, 1)": [0.8870202226287235, 0.03745541589718949], "(29, 7, 0)": [0.0, 0.0], "(13, 1, 0)": [-0.6024388886045919, -0.5710848121865962], "(17, 6, 0)": [-0.1406476978012874, -0.3029226043910527], "(27, 6, 0)": [0.0, 0.0], "(9, 5, 0)": [-0.08954843226407401, 0.1227887335905708], "(22, 5, 0)": [0.0, 0.0], "(16, 3, 0)": [-0.37931556081133366, -0.39785533100767584], "(15, 1, 0)": [-0.6818918655876638, -0.597473961419946], "(20, 1, 1)": [0.02872132266102106, -0.04223891010324063], "(23, 1, 0)": [0.0, 0.0], "(17, 7, 0)": [-0.07318653581808747, -0.40140538460199826], "(15, 6, 1)": [-0.03871273653619518, 0.041018025329380835], "(18, 2, 0)": [0.0128212157750991, -0.481067858006588], "(15, 4, 1)": [-0.028777390380894958, 0.028245324518883567], "(13, 4, 1)": [-0.02400436841723913, 0.01230959126296106], "(20, 4, 1)": [0.527447499636013, 0.001024123407249174], "(6, 1, 0)": [-0.24224208897173702, -0.23562157909068204], "(24, 3, 0)": [0.0, 0.0], "(26, 10, 0)": [0.0, 0.0], "(15, 2, 1)": [-0.027079377762121548, -0.003000227744444797], "(22, 4, 0)": [0.0, 0.0], "(17, 4, 0)": [-0.12501331955621064, -0.3992505291047954], "(11, 4, 0)": [-0.08677362264777005, 0.21089533065411403], "(20, 9, 0)": [0.797700640154876, -0.6163555583129062], "(21, 4, 1)": [0.881441621835255, 0.0626564519552743], "(23, 4, 0)": [0.0, 0.0], "(28, 8, 0)": [0.0, 0.0], "(18, 8, 0)": [0.14760885886224173, -0.3953663298190475],